time,CORONADO1,CORONADO2,CRAIG2,FOURCORN2,FOURCORN3,NAVAJO,MOENKOPI
0,1,1,1,1,1,1,1
0.033333333,1,1,1,1,1,1,1
0.066666667,1,1,1,1,1,1,1
0.1,1,1,1,1,1,1,1
0.133333333,1,1,1,1,1,1,1
0.166666667,1,1,1,1,1,1,1
0.2,1,1,1,1,1,1,1
0.233333333,1,1,1,1,1,1,1
0.266666667,1,1,1,1,1,1,1
0.3,1,1,1,1,1,1,1
0.333333333,1,1,1,1,1,1,1
0.366666667,1,1,1,1,1,1,1
0.4,1,1,1,1,1,1,1
0.433333333,1,1,1,1,1,1,1
0.466666667,1,1,1,1,1,1,1
0.5,1,1,1,1,1,1,1
0.533333333,1,1,1,1,1,1,1
0.566666667,1,1,1,1,1,1,1
0.6,1,1,1,1,1,1,1
0.633333333,1,1,1,1,1,1,1
0.666666667,1,1,1,1,1,1,1
0.7,1,1,1,1,1,1,1
0.733333333,1,1,1,1,1,1,1
0.766666667,1,1,1,1,1,1,1
0.8,1,1,1,1,1,1,1
0.833333333,1,1,1,1,1,1,1
0.866666667,1,1,1,1,1,1,1
0.9,1,1,1,1,1,1,1
0.933333333,1,1,1,1,1,1,1
0.966666667,1,1,1,1,1,1,1
0.9999,1,1,1,1,1,1,1
1,1,1,1,1,1,1,1
1.0001,0.999998186,0.999999251,1.000004821,0.999995856,0.999995856,0.999999551,0.9999993
1.033433333,0.999540379,0.999773034,1.001282087,0.999031667,0.999031667,0.999885699,0.999828838
1.066766667,0.99969058,0.999773566,1.000931274,0.999509599,0.999509599,0.999921879,0.999896514
1.0999,0.99965184,0.999706871,1.001002337,0.99953465,0.99953465,0.99991074,0.999888753
1.1,0.999651586,0.999706606,1.001002893,0.999534434,0.999534434,0.999910671,0.999888676
1.1001,0.999653348,0.999707178,1.000998166,0.999538848,0.999538848,0.999911099,0.999889373
1.133433333,1.000073038,0.999865015,0.99981722,1.000541868,1.000541868,1.000012568,1.000051138
1.166766667,0.999809424,0.999758514,1.000449111,0.99992871,0.99992871,0.99994556,0.9999474
1.2001,0.999754041,0.999721996,1.000604344,0.999825216,0.999825216,0.999929207,0.99992606
1.231766667,0.999766243,0.999720953,1.000581992,0.999859954,0.999859954,0.999928822,0.999928725
1.2651,0.99980377,0.99974269,1.000498862,0.999929078,0.999929078,0.999933033,0.999937331
1.298433333,0.999856254,0.999784197,1.000399841,1.000006222,1.000006222,0.999939612,0.99994798
1.331766667,0.99992094,0.999843893,1.000305066,1.000083957,1.000083957,0.999948404,0.999960277
1.3651,0.999995836,0.999919921,1.000223835,1.000158503,1.000158503,0.99995943,0.999974179
1.398433333,1.000078219,1.000009517,1.0001593,1.000226703,1.000226703,0.999972476,0.999989384
1.4301,1.00016038,1.000103849,1.000112777,1.000283257,1.000283257,0.999986402,1.000004618
1.463433333,1.000247243,1.000208386,1.000075996,1.000332201,1.000332201,1.000002218,1.000020987
1.496766667,1.000330538,1.000313207,1.000046792,1.000369034,1.000369034,1.000018728,1.000037217
1.528433333,1.000402705,1.000408045,1.000020993,1.000392255,1.000392255,1.000034595,1.000052107
1.561766667,1.000467654,1.000497503,0.999990666,1.000404379,1.000404379,1.000051024,1.000066875
1.593433333,1.000515988,1.000568127,0.999954976,1.000404792,1.000404792,1.000065998,1.000079807
1.626766667,1.000550245,1.000623081,0.999907301,1.000394663,1.000394663,1.000080742,1.000092085
1.6601,1.000565728,1.000654915,0.999848156,1.000375145,1.000375145,1.00009416,1.000102886
1.693433333,1.000561568,1.000661567,0.999778253,1.000347864,1.000347864,1.000106035,1.000112157
1.726766667,1.000537851,1.000642381,0.999700085,1.000314436,1.000314436,1.000116219,1.000119876
1.7601,1.000495582,1.000598138,0.999617632,1.000276324,1.000276324,1.000124617,1.000126035
1.791766667,1.000439896,1.000534802,0.999539837,1.000236892,1.000236892,1.000130895,1.000130433
1.8251,1.000367429,1.000448935,0.999463845,1.000192927,1.000192927,1.000135699,1.000133516
1.858433333,1.00028381,1.000347548,0.999399103,1.000147146,1.000147146,1.000138663,1.000134987
1.891766667,1.000192565,1.00023557,0.999350263,1.000100087,1.000100087,1.000139817,1.000134816
1.9251,1.000097432,1.000118289,0.999320794,1.000052186,1.000052186,1.000139209,1.000132979
1.958433333,1.000002156,1.000001014,0.999312647,1.000003851,1.000003851,1.000136894,1.000129468
1.991766667,0.9999103,0.999888757,0.999326096,0.99995554,0.99995554,1.000132937,1.000124288
2.0251,0.99982507,0.999785955,0.999359776,0.999907824,0.999907824,1.000127401,1.000117478
2.058433333,0.999749181,0.999696247,0.99941089,0.999861425,0.999861425,1.000120363,1.000109108
2.091766667,0.999684758,0.999622329,0.999475554,0.999817233,0.999817233,1.000111902,1.000099286
2.1251,0.999633273,0.999565875,0.999549232,0.999776284,0.999776284,1.000102111,1.000088156
2.156766667,0.999597093,0.999529035,0.999623298,0.999741414,0.999741414,1.000091674,1.000076536
2.1901,0.999572602,0.999507672,0.999701155,0.999710089,0.999710089,1.000079613,1.000063411
2.223433333,0.999561674,0.999503108,0.999775099,0.999685368,0.999685368,1.000066593,1.000049606
2.256766667,0.999563439,0.999513612,0.999842091,0.999668219,0.999668219,1.000052781,1.000035375
2.2901,0.999576636,0.999536986,0.999900145,0.999659377,0.999659377,1.000038362,1.000020978
2.321766667,0.999598364,0.999568877,0.9999462,0.99965907,0.99965907,1.000024287,1.00000738
2.3551,0.999629227,0.999610143,0.999985247,0.999667345,0.999667345,1.000009287,0.999993381
2.388433333,0.999666526,0.999656869,1.000015626,0.999684143,0.999684143,0.999994317,0.999979916
2.421766667,0.999708473,0.99970676,1.000038999,0.999708791,0.999708791,0.999979605,0.99996717
2.4551,0.999753369,0.999757816,1.000057391,0.99974027,0.99974027,0.999965371,0.999955293
2.488433333,0.999799668,0.999808394,1.000072893,0.999777284,0.999777284,0.999951828,0.9999444
2.521766667,0.99984602,0.999857224,1.000087375,0.999818337,0.999818337,0.99993917,0.999934575
2.5551,0.999891292,0.999903402,1.000102266,0.999861827,0.999861827,0.999927567,0.999925871
2.588433333,0.99993457,0.999946349,1.000118401,0.999906142,0.999906142,0.999917169,0.999918318
2.621766667,0.999975155,0.999985755,1.000135958,0.999949746,0.999949746,0.999908092,0.999911924
2.6551,1.000012536,1.000021511,1.000154481,0.999991254,0.999991254,0.999900423,0.999906681
2.686766667,1.000044758,1.000052115,1.00017209,1.00002768,1.00002768,0.999894489,0.999902748
2.7201,1.000074993,1.000080876,1.000189323,1.000061945,1.000061945,0.999889685,0.999899681
2.753433333,1.000101321,1.000106191,1.000203738,1.000091372,1.000091372,0.999886351,0.999897678
2.7851,1.000122651,1.000127115,1.000213479,1.000114464,1.000114464,0.999884508,0.99989672
2.818433333,1.0001412,1.000145869,1.000218347,1.000133476,1.000133476,0.999883899,0.999896658
2.851766667,1.000155743,1.000161226,1.000216847,1.000147087,1.000147087,0.999884567,0.99989751
2.8851,1.000166286,1.000173084,1.000208607,1.000155495,1.000155495,0.999886402,0.999899209
2.918433333,1.000172845,1.000181295,1.000193813,1.000159028,1.000159028,0.999889276,0.99990168
2.951766667,1.000175445,1.000185695,1.000173198,1.000158099,1.000158099,0.999893053,0.999904834
2.9851,1.000174132,1.00018613,1.00014798,1.000153172,1.000153172,0.999897584,0.999908579
3.018433333,1.000168979,1.000182489,1.000119744,1.000144729,1.000144729,0.999902724,0.99991281
3.051766667,1.000160107,1.000174734,1.000090284,1.000133251,1.000133251,0.999908323,0.99991742
3.0851,1.000147696,1.000162922,1.000061442,1.00011921,1.00011921,0.999914241,0.999922299
3.118433333,1.000132001,1.000147229,1.000034934,1.000103063,1.000103063,0.999920348,0.999927342
3.151766667,1.000113359,1.000127962,1.000012193,1.000085255,1.000085255,0.999926527,0.999932452
3.1851,1.000092196,1.000105553,0.999994264,1.000066231,1.000066231,0.999932682,0.999937547
3.216766667,1.00007022,1.00008186,0.999982226,1.000047434,1.000047434,0.999938437,0.999942315
3.2501,1.000045694,1.000055041,0.999974911,1.000027329,1.000027329,0.999944342,0.999947212
3.283433333,1.000020385,1.000027034,0.999972744,1.000007347,1.000007347,0.999950058,0.999951962
3.316766667,0.999994996,0.999998661,0.999974991,0.999987957,0.999987957,0.999955571,0.999956566
3.3501,0.999970258,0.999970779,0.999980629,0.999969623,0.999969623,0.999960891,0.999961039
3.383433333,0.999946896,0.999944241,0.999988465,0.999952788,0.999952788,0.999966039,0.999965418
3.416766667,0.999925604,0.99991987,0.999997269,0.999937862,0.999937862,0.999971054,0.999969752
3.4501,0.999907011,0.999898417,1.00000589,0.999925203,0.999925203,0.999975984,0.999974099
3.483433333,0.999891656,0.999880535,1.00001336,0.999915097,0.999915097,0.999980883,0.999978519
3.5151,0.999880457,0.999867331,1.000018735,0.999908044,0.999908044,0.999985559,0.999982838
3.548433333,0.999872522,0.999857785,1.000022161,0.999903411,0.999903411,0.999990557,0.999987566
3.581766667,0.999868687,0.99985291,1.000023167,0.999901647,0.999901647,0.99999568,0.99999252
3.6151,0.999868953,0.999852747,1.000021885,0.999902668,0.999902668,1.000000965,0.999997729
3.648433333,0.999873173,0.999857165,1.000018667,0.999906295,0.999906295,1.000006439,1.000003208
3.681766667,0.999881057,0.999865858,1.000014014,0.99991227,0.99991227,1.000012116,1.000008953
3.7151,0.99989219,0.999878372,1.000008494,0.999920273,0.999920273,1.000017992,1.000014942
3.748433333,0.999906054,0.999894118,1.000002666,0.999929941,0.999929941,1.000024047,1.000021139
3.781766667,0.99992205,0.999912405,0.999997005,0.999940887,0.999940887,1.000030246,1.00002749
3.8151,0.999939532,0.99993247,0.999991847,0.999952717,0.999952717,1.000036538,1.000033928
3.848433333,0.999957834,0.99995352,0.999987365,0.999965054,0.999965054,1.000042857,1.000040376
3.881766667,0.999976303,0.999974761,0.999983551,0.999977544,0.999977544,1.000049125,1.000046746
3.9151,0.999994322,0.999995439,0.99998024,0.999989871,0.999989871,1.000055254,1.000052943
3.946766667,1.000010525,1.000013946,0.999977301,1.000001183,1.000001183,1.00006086,1.000058581
3.9801,1.000026156,1.000031659,0.999974067,1.000012446,1.000012446,1.000066433,1.000064154
4.013433333,1.000039964,1.000047107,0.999970318,1.000022868,1.000022868,1.000071566,1.000069257
4.046766667,1.000051677,1.000059958,0.999965709,1.000032302,1.000032302,1.000076153,1.000073789
4.0801,1.000061132,1.00007002,0.99995999,1.000040636,1.000040636,1.000080089,1.000077655
4.113433333,1.000068269,1.000077242,0.99995304,1.000047789,1.000047789,1.000083276,1.000080762
4.146766667,1.000073122,1.000081698,0.999944899,1.000053703,1.000053703,1.00008562,1.000083028
4.1801,1.000075812,1.000083573,0.999935771,1.000058342,1.000058342,1.000087038,1.000084376
4.213433333,1.00007652,1.000083144,0.999926013,1.000061686,1.000061686,1.00008746,1.000084743
4.246766667,1.000075479,1.000080752,0.999916109,1.000063733,1.000063733,1.00008683,1.00008408
4.2801,1.000072952,1.000076772,0.999906632,1.000064495,1.000064495,1.000085106,1.000082351
4.313433333,1.000069212,1.000071592,0.99989819,1.000064003,1.000064003,1.000082268,1.00007954
4.346766667,1.000064531,1.000065585,0.999891378,1.000062309,1.000062309,1.000078316,1.000075649
4.3801,1.000059163,1.000059088,0.999886727,1.000059485,1.000059485,1.000073269,1.000070703
4.413433333,1.000053332,1.000052388,0.999884661,1.000055627,1.000055627,1.000067172,1.000064747
4.446766667,1.000047232,1.000045713,0.999885469,1.000050851,1.000050851,1.00006009,1.000057851
4.4801,1.000041015,1.000039222,0.999889282,1.000045297,1.000045297,1.000052114,1.000050105
4.513433333,1.000034799,1.000033015,0.999896072,1.000039122,1.000039122,1.000043354,1.000041621
4.546766667,1.000028665,1.000027133,0.999905662,1.000032496,1.000032496,1.000033943,1.000032531
4.5801,1.000022666,1.00002157,0.999917749,1.000025599,1.000025599,1.00002403,1.000022984
4.613433333,1.000016833,1.000016288,0.999931933,1.00001861,1.00001861,1.000013781,1.000013141
4.646766667,1.00001118,1.00001123,0.999947751,1.000011703,1.000011703,1.000003371,1.000003174
4.6801,1.000005717,1.00000633,0.999964719,1.00000504,1.00000504,0.999992986,0.999993259
4.713433333,1.000000451,1.000001537,0.99998236,0.999998765,0.999998765,0.999982811,0.999983576
4.746766667,0.999995397,0.999996814,1.000000234,0.999993001,0.999993001,0.999973033,0.999974297
4.7801,0.999990579,0.999992155,1.000017959,0.999987841,0.999987841,0.999963831,0.999965591
4.813433333,0.999986034,0.99998758,1.000035222,0.999983358,0.999983358,0.999955371,0.999957609
4.846766667,0.999981813,0.999983145,1.000051781,0.999979596,0.999979596,0.999947807,0.999950492
4.8801,0.999977977,0.999978931,1.000067458,0.999976576,0.999976576,0.999941271,0.999944357
4.913433333,0.999974599,0.999975042,1.000082124,0.999974297,0.999974297,0.999935872,0.9999393
4.946766667,0.999971755,0.9999716,1.000095688,0.999972745,0.999972745,0.999931693,0.999935395
4.9801,0.999969523,0.999968729,1.000108076,0.999971892,0.999971892,0.999928793,0.99993269
5.013433333,0.999967973,0.999966551,1.000119211,0.999971703,0.999971703,0.999927197,0.999931206
5.046766667,0.999967168,0.999965172,1.000129006,0.99997214,0.99997214,0.999926905,0.999930938
5.0801,0.999967152,0.999964677,1.000137351,0.999973161,0.999973161,0.999927887,0.99993186
5.113433333,0.999967953,0.999965123,1.000144109,0.999974727,0.999974727,0.999930088,0.999933917
5.146766667,0.999969572,0.999966532,1.000149126,0.999976796,0.999976796,0.999933424,0.999937035
5.1801,0.99997199,0.999968892,1.000152235,0.999979329,0.999979329,0.999937793,0.999941122
5.213433333,0.999975161,0.999972153,1.000153271,0.999982285,0.999982285,0.999943074,0.999946066
5.246766667,0.999979014,0.999976233,1.000152091,0.999985619,0.999985619,0.999949127,0.999951741
5.2801,0.999983458,0.99998102,1.000148583,0.999989283,0.999989283,0.999955806,0.999958015
5.313433333,0.999988383,0.999986378,1.000142692,0.99999322,0.99999322,0.999962952,0.999964743
5.346766667,0.999993662,0.999992155,1.000134423,0.999997366,0.999997366,0.999970407,0.999971778
5.3801,0.999999159,0.999998183,1.000123858,1.000001648,1.000001648,0.999978012,0.999978973
5.413433333,1.000004733,1.000004295,1.000111153,1.000005982,1.000005982,0.999985612,0.999986184
5.446766667,1.000010238,1.000010323,1.000096538,1.000010277,1.000010277,0.99999306,0.999993273
5.4801,1.000015534,1.000016107,1.000080308,1.000014438,1.000014438,1.00000022,1.000000107
5.513433333,1.000020488,1.0000215,1.000062814,1.000018363,1.000018363,1.000006968,1.00000657
5.546766667,1.000024977,1.000026371,1.000044442,1.000021951,1.000021951,1.000013198,1.000012555
5.5801,1.000028893,1.000030606,1.000025596,1.000025104,1.000025104,1.000018819,1.000017974
5.613433333,1.000032141,1.000034112,1.000006687,1.00002773,1.00002773,1.000023758,1.000022752
5.646766667,1.000034647,1.000036817,0.999988104,1.000029749,1.000029749,1.000027964,1.000026835
5.6801,1.000036352,1.000038667,0.999970208,1.000031094,1.000031094,1.000031402,1.000030186
5.713433333,1.000037217,1.00003963,0.999953318,1.00003171,1.00003171,1.000034059,1.000032787
5.746766667,1.000037222,1.000039691,0.999937703,1.000031566,1.000031566,1.000035936,1.000034637
5.7801,1.000036365,1.000038853,0.999923579,1.000030645,1.000030645,1.000037056,1.000035752
5.813433333,1.00003466,1.000037134,0.999911107,1.000028953,1.000028953,1.000037453,1.000036162
5.846766667,1.000032137,1.000034568,0.999900401,1.000026513,1.000026513,1.000037178,1.000035914
5.8801,1.000028844,1.000031202,0.999891529,1.000023369,1.000023369,1.000036291,1.000035062
5.913433333,1.00002484,1.000027096,0.999884523,1.000019579,1.000019579,1.000034862,1.000033673
5.946766667,1.000020199,1.000022322,0.999879383,1.000015218,1.000015218,1.000032967,1.000031818
5.9801,1.000015007,1.000016963,0.999876089,1.000010377,1.000010377,1.000030688,1.000029575
6.013433333,1.000009358,1.000011113,0.999874602,1.000005156,1.000005156,1.000028106,1.000027021
6.046766667,1.00000336,1.000004876,0.999874872,0.999999664,0.999999664,1.000025302,1.000024236
6.0801,0.999997127,0.999998364,0.999876834,0.99999402,0.99999402,1.000022355,1.000021296
6.113433333,0.999990778,0.999991699,0.999880415,0.999988344,0.999988344,1.000019337,1.000018272
6.146766667,0.999984442,0.999985007,0.999885528,0.999982761,0.999982761,1.000016315,1.00001523
6.1801,0.999978247,0.999978423,0.999892069,0.999977394,0.999977394,1.000013347,1.000012229
6.213433333,0.999972324,0.999972083,0.999899921,0.999972364,0.999972364,1.000010483,1.00000932
6.246766667,0.999966803,0.999966123,0.999908942,0.999967785,0.999967785,1.000007761,1.000006544
6.2801,0.999961809,0.999960677,0.999918971,0.999963766,0.999963766,1.000005211,1.000003935
6.313433333,0.999957463,0.999955877,0.999929828,0.999960401,0.999960401,1.000002852,1.000001515
6.346766667,0.999953871,0.999951842,0.99994131,0.999957775,0.999957775,1.000000695,0.9999993
6.3801,0.99995113,0.999948681,0.9999532,0.999955954,0.999955954,0.999998739,0.999997295
6.413433333,0.999949318,0.999946488,0.999965272,0.999954987,0.999954987,0.999996979,0.999995498
6.446766667,0.999948496,0.999945336,0.999977293,0.999954904,0.999954904,0.9999954,0.999993903
6.4801,0.999948701,0.999945277,0.999989038,0.999955713,0.999955713,0.999993983,0.999992494
6.513433333,0.999949947,0.999946338,1.00000029,0.999957401,0.999957401,0.999992707,0.999991254
6.546766667,0.999952223,0.999948516,1.000010855,0.999959933,0.999959933,0.999991546,0.99999016
6.5801,0.99995549,0.999951783,1.000020563,0.999963251,0.999963251,0.999990473,0.999989191
6.613433333,0.999959684,0.999956078,1.000029275,0.999967281,0.999967281,0.999989466,0.999988321
6.646766667,0.999964716,0.999961317,1.000036889,0.999971926,0.999971926,0.9999885,0.99998753
6.6801,0.99997047,0.99996738,1.00004334,0.999977076,0.999977076,0.999987556,0.999986795
6.713433333,0.999976813,0.999974129,1.000048598,0.999982608,0.999982608,0.999986621,0.9999861
6.746766667,0.999983591,0.999981401,1.000052668,0.999988389,0.999988389,0.999985682,0.999985431
6.7801,0.99999064,0.999989016,1.000055586,0.99999428,0.99999428,0.999984738,0.999984778
6.813433333,0.999997783,0.999996784,1.000057414,1.000000143,1.000000143,0.99998379,0.999984139
6.846766667,1.000004844,1.000004507,1.000058235,1.000005839,1.000005839,0.999982846,0.999983513
6.8801,1.000011644,1.000011986,1.000058145,1.000011238,1.000011238,0.99998192,0.999982909
6.913433333,1.000018016,1.000019031,1.000057249,1.000016218,1.000016218,0.999981033,0.999982338
6.946766667,1.000023802,1.000025462,1.000055657,1.00002067,1.00002067,0.99998021,0.999981817
6.9801,1.000028863,1.000031116,1.000053478,1.0000245,1.0000245,0.999979478,0.999981367
7.013433333,1.00003308,1.000035857,1.000050816,1.000027633,1.000027633,0.999978869,0.999981011
7.046766667,1.000036361,1.000039572,1.00004777,1.000030014,1.000030014,0.999978415,0.999980775
7.0801,1.000038641,1.000042183,1.000044431,1.000031606,1.000031606,0.99997815,0.999980686
7.113433333,1.000039883,1.000043644,1.000040882,1.000032396,1.000032396,0.999978105,0.999980769
7.146766667,1.000040082,1.000043943,1.000037199,1.000032389,1.000032389,0.999978308,0.999981049
7.1801,1.000039264,1.000043104,1.000033448,1.000031613,1.000031613,0.999978783,0.999981547
7.213433333,1.00003748,1.000041183,1.000029691,1.000030113,1.000030113,0.999979548,0.999982279
7.246766667,1.000034811,1.000038267,1.000025983,1.000027954,1.000027954,0.999980615,0.999983256
7.2801,1.000031359,1.00003447,1.000022371,1.000025214,1.000025214,0.999981989,0.999984485
7.313433333,1.000027247,1.000029929,1.000018899,1.000021986,1.000021986,0.999983665,0.999985963
7.346766667,1.000022613,1.000024799,1.000015604,1.000018372,1.000018372,0.99998563,0.999987682
7.3801,1.000017607,1.000019248,1.000012514,1.000014484,1.000014484,0.999987863,0.999989625
7.413433333,1.000012383,1.000013449,1.000009653,1.000010436,1.000010436,0.999990333,0.99999177
7.446766667,1.000007099,1.000007579,1.000007034,1.000006343,1.000006343,0.999993003,0.999994085
7.4801,1.000001907,1.00000181,1.000004661,1.00000232,1.00000232,0.999995828,0.999996534
7.513433333,0.99999695,0.999996301,1.000002531,0.999998476,0.999998476,0.999998758,0.999999077
7.546766667,0.999992363,0.999991204,1.000000629,0.99999491,0.99999491,1.000001735,1.000001666
7.5801,0.999988262,0.999986648,0.999998933,0.999991712,0.999991712,1.000004704,1.000004254
7.613433333,0.999984746,0.999982743,0.999997411,0.999988956,0.999988956,1.000007602,1.000006789
7.646766667,0.99998189,0.999979574,0.999996029,0.999986703,0.999986703,1.00001037,1.00000922
7.6801,0.99997975,0.999977202,0.999994746,0.999984995,0.999984995,1.000012952,1.000011499
7.713433333,0.999978356,0.999975661,0.999993522,0.999983858,0.999983858,1.000015293,1.000013579
7.746766667,0.999977716,0.999974959,0.999992315,0.999983296,0.999983296,1.000017345,1.000015417
7.7801,0.999977812,0.999975077,0.999991088,0.9999833,0.9999833,1.000019066,1.000016976
7.813433333,0.999978607,0.999975974,0.999989813,0.999983837,0.999983837,1.000020423,1.000018226
7.846766667,0.999980042,0.999977587,0.999988469,0.999984863,0.999984863,1.000021391,1.000019142
7.8801,0.999982042,0.999979831,0.999987042,0.999986321,0.999986321,1.000021954,1.00001971
7.913433333,0.999984515,0.999982605,0.999985529,0.999988134,0.999988134,1.000022107,1.000019922
7.946766667,0.999987356,0.999985797,0.99998394,0.999990224,0.999990224,1.000021855,1.000019779
7.9801,0.999990454,0.999989284,0.999982292,0.999992502,0.999992502,1.000021214,1.000019292
8.013433333,0.999993696,0.999992938,0.999980614,0.999994877,0.999994877,1.000020206,1.000018479
8.046766667,0.999996964,0.999996629,0.999978942,0.999997262,0.999997262,1.000018867,1.000017367
8.0801,1.000000144,1.000000231,0.999977316,0.999999567,0.999999567,1.000017237,1.000015988
8.113433333,1.000003128,1.000003624,0.999975783,1.000001711,1.000001711,1.000015363,1.000014383
8.146766667,1.000005819,1.000006697,0.999974389,1.000003622,1.000003622,1.000013298,1.000012594
8.1801,1.00000813,1.000009353,0.99997318,1.000005237,1.000005237,1.0000111,1.000010672
8.213433333,1.000009992,1.000011512,0.999972201,1.000006509,1.000006509,1.000008826,1.000008665
8.246766667,1.000011352,1.000013111,0.999971493,1.000007401,1.000007401,1.000006534,1.000006625
8.2801,1.000012174,1.000014108,0.99997109,1.000007893,1.000007893,1.000004283,1.000004602
8.313433333,1.000012444,1.000014482,0.999971021,1.000007982,1.000007982,1.000002126,1.000002644
8.346766667,1.000012167,1.000014237,0.999971309,1.000007677,1.000007677,1.000000111,1.000000795
8.3801,1.000011366,1.000013394,0.999971969,1.000007002,1.000007002,0.999998283,0.999999095
8.413433333,1.000010083,1.000011997,0.999973007,1.000005997,1.000005997,0.999996677,0.999997577
8.446766667,1.000008378,1.000010109,0.999974425,1.00000471,1.00000471,0.999995321,0.999996269
8.4801,1.000006323,1.000007811,0.999976214,1.000003199,1.000003199,0.999994233,0.999995189
8.513433333,1.000004002,1.000005194,0.999978363,1.000001532,1.000001532,0.999993423,0.999994348
8.546766667,1.00000151,1.000002364,0.999980848,0.999999778,0.999999778,0.999992891,0.999993751
8.5801,0.999998946,0.999999431,0.999983645,0.999998013,0.999998013,0.999992628,0.999993391
8.613433333,0.99999641,0.99999651,0.999986721,0.999996308,0.999996308,0.999992616,0.999993257
8.646766667,0.999994001,0.999993712,0.999990037,0.999994734,0.999994734,0.99999283,0.999993329
8.6801,0.999991813,0.999991147,0.999993548,0.999993356,0.999993356,0.999993239,0.999993581
8.713433333,0.999989931,0.999988912,0.999997209,0.999992229,0.999992229,0.999993803,0.999993983
8.746766667,0.999988432,0.999987096,1.000000967,0.999991403,0.999991403,0.999994483,0.9999945
8.7801,0.999987373,0.99998577,1.000004768,0.999990913,0.999990913,0.999995233,0.999995095
8.813433333,0.999986799,0.999984987,1.000008552,0.999990782,0.999990782,0.999996009,0.999995729
8.846766667,0.999986737,0.999984782,1.000012261,0.999991021,0.999991021,0.999996766,0.999996364
8.8801,0.999987194,0.999985167,1.000015836,0.999991627,0.999991627,0.999997462,0.999996963
8.913433333,0.999988158,0.999986134,1.000019217,0.999992583,0.999992583,0.999998061,0.999997493
8.946766667,0.9999896,0.999987653,1.000022349,0.999993859,0.999993859,0.999998528,0.999997922
8.9801,0.999991472,0.999989675,1.000025179,0.999995414,0.999995414,0.999998836,0.999998227
9.013433333,0.999993711,0.999992131,1.000027659,0.999997194,0.999997194,0.999998966,0.999998387
9.046766667,0.99999624,0.999994937,1.000029748,0.999999141,0.999999141,0.999998905,0.999998389
9.0801,0.999998973,0.999997995,1.000031411,1.000001184,1.000001184,0.99999865,0.999998228
9.113433333,1.000001812,1.000001198,1.000032621,1.000003254,1.000003254,0.999998204,0.999997904
9.146766667,1.000004658,1.000004434,1.00003336,1.000005277,1.000005277,0.999997579,0.999997425
9.1801,1.000007409,1.000007587,1.000033618,1.00000718,1.00000718,0.999996796,0.999996806
9.213433333,1.000009968,1.000010547,1.000033396,1.000008894,1.000008894,0.999995881,0.999996069
9.246766667,1.000012241,1.000013205,1.000032699,1.000010355,1.000010355,0.999994866,0.999995238
9.2801,1.000014145,1.000015466,1.000031544,1.000011508,1.000011508,0.999993791,0.999994347
9.313433333,1.000015609,1.000017245,1.000029954,1.000012307,1.000012307,0.999992695,0.99999343
9.346766667,1.000016575,1.000018475,1.000027961,1.000012718,1.000012718,0.999991623,0.999992523
9.3801,1.000017004,1.000019105,1.0000256,1.000012719,1.000012719,0.99999062,0.999991667
9.413433333,1.000016871,1.000019107,1.000022912,1.000012302,1.000012302,0.99998973,0.999990899
9.446766667,1.000016176,1.000018472,1.00001994,1.000011473,1.000011473,0.999988994,0.999990257
9.4801,1.000014931,1.000017214,1.000016735,1.000010254,1.000010254,0.999988453,0.999989776
9.513433333,1.000013173,1.000015366,1.000013343,1.000008676,1.000008676,0.999988139,0.999989487
9.546766667,1.000010953,1.000012983,1.000009817,1.000006785,1.000006785,0.999988079,0.999989415
9.5801,1.000008335,1.000010136,1.000006207,1.000004636,1.000004636,0.999988295,0.99998958
9.613433333,1.000005403,1.000006915,1.000002565,1.000002296,1.000002296,0.999988799,0.999989996
9.646766667,1.000002247,1.000003422,0.999998939,0.999999835,0.999999835,0.999989595,0.999990669
9.6801,0.999998967,0.999999764,0.99999538,0.99999733,0.99999733,0.999990678,0.999991596
9.713433333,0.999995667,0.999996058,0.999991935,0.999994858,0.999994858,0.999992036,0.999992769
9.746766667,0.999992451,0.999992424,0.999988648,0.999992498,0.999992498,0.999993646,0.99999417
9.7801,0.999989423,0.999988977,0.99998556,0.999990325,0.999990325,0.999995478,0.999995775
9.813433333,0.99998668,0.999985828,0.999982709,0.999988409,0.999988409,0.999997496,0.999997553
9.846766667,0.999984311,0.999983078,0.99998013,0.99998681,0.99998681,0.999999655,0.999999466
9.8801,0.999982392,0.999980816,0.999977853,0.999985581,0.999985581,1.000001906,1.000001474
9.913433333,0.999980986,0.999979117,0.999975905,0.999984764,0.999984764,1.000004199,1.000003529
9.946766667,0.99998014,0.999978035,0.999974307,0.999984387,0.999984387,1.000006477,1.000005584
9.9801,0.999979883,0.999977607,0.999973073,0.999984463,0.999984463,1.000008685,1.00000759
10.01343333,0.999980226,0.999977849,0.999972216,0.999984995,0.999984995,1.000010769,1.000009498
10.04676667,0.99998116,0.999978756,0.999971741,0.999985967,0.999985967,1.000012676,1.000011259
10.0801,0.999982659,0.999980301,0.99997165,0.999987352,0.999987352,1.000014358,1.000012829
10.11343333,0.999984677,0.999982437,0.999971936,0.999989109,0.999989109,1.000015771,1.000014169
10.14676667,0.999987153,0.999985099,0.999972588,0.999991186,0.999991186,1.000016878,1.000015242
10.1801,0.999990013,0.999988207,0.999973593,0.99999352,0.99999352,1.000017651,1.00001602
10.21343333,0.999993166,0.999991664,0.999974931,0.99999604,0.99999604,1.000018066,1.000016481
10.24676667,0.999996519,0.999995364,0.999976577,0.99999867,0.99999867,1.000018112,1.000016609
10.2801,0.999999966,0.999999192,0.999978505,1.000001329,1.000001329,1.000017784,1.0000164
10.31343333,1.000003402,1.000003032,0.999980684,1.000003937,1.000003937,1.000017088,1.000015854
10.34676667,1.000006722,1.000006765,0.999983079,1.000006413,1.000006413,1.000016039,1.000014981
10.3801,1.000009824,1.000010275,0.999985655,1.000008681,1.000008681,1.000014658,1.000013799
10.41343333,1.000012612,1.000013457,0.999988373,1.000010674,1.000010674,1.000012978,1.000012333
10.44676667,1.000015001,1.000016212,0.999991195,1.00001233,1.00001233,1.000011036,1.000010615
10.4801,1.000016918,1.000018456,0.999994081,1.000013598,1.000013598,1.000008875,1.000008682
10.51343333,1.000018305,1.000020121,0.999996988,1.000014441,1.000014441,1.000006545,1.000006578
10.54676667,1.00001912,1.000021157,0.999999878,1.000014831,1.000014831,1.000004098,1.000004349
10.5801,1.000019338,1.000021533,1.00000271,1.000014759,1.000014759,1.000001588,1.000002044
10.61343333,1.000018954,1.000021238,1.000005445,1.000014228,1.000014228,0.999999073,0.999999714
10.64676667,1.000017982,1.000020285,1.000008047,1.000013254,1.000013254,0.999996606,0.99999741
10.6801,1.000016452,1.000018703,1.000010479,1.000011869,1.000011869,0.999994241,0.999995181
10.71343333,1.000014413,1.000016543,1.000012711,1.000010115,1.000010115,0.999992027,0.999993074
10.74676667,1.000011927,1.000013873,1.000014712,1.000008047,1.000008047,0.999990011,0.999991134
10.7801,1.000009074,1.000010776,1.000016454,1.000005728,1.000005728,0.999988232,0.999989399
10.81343333,1.000005941,1.00000735,1.000017916,1.000003231,1.000003231,0.999986724,0.999987904
10.84676667,1.000002624,1.000003697,1.000019081,1.000000631,1.000000631,0.999985514,0.999986675
10.8801,0.999999226,0.999999934,1.000019935,0.999998008,0.999998008,0.99998462,0.999985735
10.91343333,0.999995851,0.999996175,1.000020469,0.999995444,0.999995444,0.999984054,0.999985096
10.94676667,0.999992602,0.999992533,1.000020681,0.999993012,0.999993012,0.999983819,0.999984765
10.9801,0.999989577,0.999989122,1.000020572,0.99999079,0.99999079,0.99998391,0.999984741
11.01343333,0.999986868,0.999986044,1.000020151,0.999988843,0.999988843,0.999984315,0.999985017
11.04676667,0.999984558,0.999983392,1.000019429,0.999987231,0.999987231,0.999985016,0.999985577
11.0801,0.999982714,0.999981246,1.000018424,0.999986001,0.999986001,0.999985986,0.999986401
11.11343333,0.999981393,0.99997967,1.000017159,0.999985189,0.999985189,0.999987194,0.999987463
11.14676667,0.999980632,0.999978709,1.00001566,0.99998482,0.99998482,0.999988607,0.999988733
11.1801,0.999980454,0.999978391,1.000013959,0.999984903,0.999984903,0.999990183,0.999990174
11.21343333,0.999980862,0.999978725,1.000012088,0.999985436,0.999985436,0.999991884,0.99999175
11.24676667,0.999981843,0.999979696,1.000010085,0.999986402,0.999986402,0.999993665,0.999993423
11.2801,0.999983364,0.999981274,1.000007988,0.99998777,0.99998777,0.999995486,0.999995152
11.31343333,0.999985378,0.999983409,1.000005836,0.9999895,0.9999895,0.999997305,0.999996898
11.34676667,0.999987824,0.999986034,1.00000367,0.99999154,0.99999154,0.999999082,0.999998623
11.3801,0.999990628,0.99998907,1.000001529,0.999993828,0.999993828,1.000000783,1.000000292
11.41343333,0.999993703,0.999992422,0.999999451,0.999996297,0.999996297,1.000002373,1.000001872
11.44676667,0.999996959,0.999995992,0.99999747,0.999998875,0.999998875,1.000003826,1.000003333
11.4801,1.000000299,0.999999671,0.999995623,1.000001484,1.000001484,1.000005116,1.000004651
11.51343333,1.000003623,1.00000335,0.999993939,1.00000405,1.00000405,1.000006226,1.000005804
11.54676667,1.000006834,1.000006921,0.999992446,1.000006498,1.000006498,1.000007144,1.000006778
11.5801,1.00000984,1.00001028,0.999991164,1.000008758,1.000008758,1.000007861,1.000007561
11.61343333,1.000012553,1.00001333,0.999990112,1.000010766,1.000010766,1.000008375,1.000008149
11.64676667,1.000014897,1.000015983,0.999989302,1.000012464,1.000012464,1.000008689,1.000008541
11.6801,1.000016806,1.000018165,0.99998874,1.000013808,1.000013808,1.000008811,1.000008741
11.71343333,1.000018228,1.000019815,0.999988428,1.000014761,1.000014761,1.000008752,1.000008757
11.74676667,1.000019125,1.000020891,0.999988362,1.000015296,1.000015296,1.000008527,1.000008601
11.7801,1.000019476,1.000021366,0.999988533,1.000015404,1.000015404,1.000008155,1.000008291
11.81343333,1.000019277,1.000021232,0.999988926,1.000015085,1.000015085,1.000007656,1.000007842
11.84676667,1.000018537,1.000020499,0.999989524,1.000014352,1.000014352,1.000007053,1.000007276
11.8801,1.000017285,1.000019194,0.999990303,1.000013229,1.000013229,1.000006369,1.000006615
11.91343333,1.000015561,1.000017363,0.999991237,1.000011752,1.000011752,1.000005626,1.000005882
11.94676667,1.000013421,1.000015062,0.999992296,1.000009967,1.000009967,1.000004847,1.000005097
11.9801,1.00001093,1.000012364,0.99999345,1.000007926,1.000007926,1.000004054,1.000004284
12.01343333,1.000008163,1.000009352,0.999994665,1.000005691,1.000005691,1.000003265,1.000003462
12.04676667,1.000005203,1.000006114,0.999995907,1.000003326,1.000003326,1.0000025,1.000002651
12.0801,1.000002136,1.000002747,0.999997145,1.0000009,1.0000009,1.000001773,1.000001869
12.11343333,0.999999051,0.999999349,0.999998347,0.99999848,0.99999848,1.000001097,1.000001129
12.14676667,0.999996034,0.999996014,0.999999483,0.999996134,0.999996134,1.000000481,1.000000445
12.1801,0.999993171,0.99999284,1.000000526,0.999993927,0.999993927,0.999999933,0.999999826
12.21343333,0.99999054,0.999989912,1.00000145,0.999991916,0.999991916,0.999999457,0.999999278
12.24676667,0.999988211,0.99998731,1.000002236,0.999990155,0.999990155,0.999999054,0.999998806
12.2801,0.999986243,0.999985101,1.000002869,0.999988687,0.999988687,0.999998723,0.999998412
12.31343333,0.999984685,0.99998334,1.000003338,0.999987549,0.999987549,0.99999846,0.999998094
12.34676667,0.999983574,0.99998207,1.000003636,0.999986764,0.999986764,0.999998261,0.999997849
12.3801,0.999982932,0.999981315,1.000003761,0.999986348,0.999986348,0.999998119,0.999997674
12.41343333,0.999982768,0.999981088,1.000003719,0.999986305,0.999986305,0.999998025,0.999997559
12.44676667,0.999983075,0.999981383,1.000003517,0.999986626,0.999986626,0.999997974,0.999997502
12.4801,0.999983835,0.999982181,1.000003168,0.999987296,0.999987296,0.999997954,0.999997491
12.51343333,0.999985015,0.999983448,1.00000269,0.999988287,0.999988287,0.999997959,0.999997519
12.54676667,0.999986575,0.999985135,1.000002103,0.999989564,0.999989564,0.99999798,0.999997578
12.5801,0.999988458,0.999987187,1.000001431,0.999991084,0.999991084,0.999998011,0.99999766
12.61343333,0.999990605,0.999989536,1.000000698,0.999992799,0.999992799,0.999998045,0.999997757
12.64676667,0.999992947,0.999992107,0.999999934,0.999994656,0.999994656,0.999998079,0.999997863
12.6801,0.999995414,0.999994822,0.999999164,0.9999966,0.9999966,0.999998107,0.999997972
12.71343333,0.999997933,0.999997599,0.999998416,0.999998573,0.999998573,0.999998129,0.999998079
12.74676667,1.00000043,1.000000359,0.999997718,1.00000052,1.00000052,0.999998143,0.999998181
12.7801,1.000002833,1.000003021,0.999997096,1.000002387,1.000002387,0.999998149,0.999998276
12.81343333,1.000005081,1.000005514,0.999996573,1.000004125,1.000004125,0.99999815,0.999998362
12.84676667,1.000007112,1.00000777,0.999996169,1.000005688,1.000005688,0.999998147,0.99999844
12.8801,1.000008874,1.000009734,0.999995902,1.000007038,1.000007038,0.999998144,0.99999851
12.91343333,1.000010326,1.000011355,0.999995783,1.000008146,1.000008146,0.999998145,0.999998575
12.94676667,1.000011436,1.0000126,0.999995822,1.000008987,1.000008987,0.999998155,0.999998636
12.9801,1.000012184,1.000013443,0.999996023,1.000009547,1.000009547,0.99999818,0.9999987
13.01343333,1.000012561,1.000013874,0.999996383,1.000009821,1.000009821,0.99999822,0.999998764
13.04676667,1.000012567,1.000013893,0.999996899,1.00000981,1.00000981,0.999998283,0.999998836
13.0801,1.000012217,1.000013516,0.999997559,1.000009527,1.000009527,0.999998369,0.999998917
13.11343333,1.000011532,1.000012767,0.99999835,1.000008989,1.000008989,0.999998482,0.99999901
13.14676667,1.000010547,1.000011681,0.999999251,1.000008224,1.000008224,0.999998622,0.999999116
13.1801,1.0000093,1.000010303,1.000000243,1.000007262,1.000007262,0.999998789,0.999999236
13.21343333,1.000007839,1.000008684,1.000001301,1.000006138,1.000006138,0.999998982,0.999999371
13.24676667,1.000006215,1.000006882,1.000002397,1.000004894,1.000004894,0.999999198,0.99999952
13.2801,1.000004483,1.000004957,1.000003504,1.000003571,1.000003571,0.999999434,0.999999681
13.31343333,1.000002699,1.000002972,1.000004591,1.000002211,1.000002211,0.999999686,0.999999852
13.34676667,1.00000092,1.00000099,1.000005629,1.000000858,1.000000858,0.999999947,1.00000003
13.3801,0.999999199,0.999999071,1.00000659,0.99999955,0.99999955,1.00000021,1.00000021
13.41343333,0.999997586,0.999997271,1.000007444,0.999998326,0.999998326,1.000000469,1.000000388
13.44676667,0.999996126,0.99999564,1.00000817,0.999997218,0.999997218,1.000000717,1.000000559
13.4801,0.999994857,0.999994221,1.000008743,0.999996256,0.999996256,1.000000944,1.000000716
13.51343333,0.999993811,0.999993051,1.000009146,0.999995461,0.999995461,1.000001144,1.000000856
13.54676667,0.999993011,0.999992155,1.000009363,0.999994851,0.999994851,1.000001313,1.000000974
13.5801,0.99999247,0.99999155,1.000009385,0.999994437,0.999994437,1.000001442,1.000001064
13.61343333,0.999992196,0.999991242,1.000009206,0.99999422,0.99999422,1.000001527,1.000001123
13.64676667,0.999992183,0.999991229,1.000008826,0.999994198,0.999994198,1.000001566,1.000001148
13.6801,0.999992422,0.999991498,1.000008247,0.999994361,0.999994361,1.000001555,1.000001137
13.71343333,0.999992893,0.999992029,1.000007479,0.999994696,0.999994696,1.000001495,1.00000109
13.74676667,0.999993569,0.999992792,1.000006536,0.999995181,0.999995181,1.000001387,1.000001008
13.7801,0.99999442,0.999993752,1.000005434,0.999995794,0.999995794,1.000001234,1.000000891
13.81343333,0.99999541,0.999994869,1.000004196,0.999996506,0.999996506,1.000001039,1.000000743
13.84676667,0.999996497,0.999996098,1.000002847,0.999997289,0.999997289,1.00000081,1.000000569
13.8801,0.999997642,0.999997394,1.000001413,0.999998112,0.999998112,1.000000553,1.000000373
13.91343333,0.999998802,0.999998709,0.999999925,0.999998943,0.999998943,1.000000277,1.000000163
13.94676667,0.999999937,0.999999996,0.999998413,0.999999753,0.999999753,0.999999992,0.999999945
13.9801,1.000001007,1.000001212,0.999996909,1.000000516,1.000000516,0.999999707,0.999999727
14.01343333,1.000001978,1.000002318,0.999995445,1.000001204,1.000001204,0.999999433,0.999999518
14.04676667,1.00000282,1.000003279,0.999994053,1.000001797,1.000001797,0.999999179,0.999999324
14.0801,1.000003507,1.000004065,0.999992761,1.000002277,1.000002277,0.999998959,0.999999158
14.11343333,1.00000402,1.000004656,0.999991596,1.00000263,1.00000263,0.999998778,0.999999022
14.14676667,1.000004348,1.000005037,0.999990585,1.000002851,1.000002851,0.999998646,0.999998925
14.1801,1.000004486,1.000005201,0.999989747,1.000002935,1.000002935,0.999998569,0.999998874
14.21343333,1.000004434,1.000005151,0.999989101,1.000002886,1.000002886,0.999998553,0.999998871
14.24676667,1.000004201,1.000004894,0.999988659,1.000002711,1.000002711,0.999998602,0.999998921
14.2801,1.000003803,1.000004446,0.999988429,1.000002421,1.000002421,0.999998715,0.999999024
14.31343333,1.000003259,1.000003831,0.999988417,1.000002032,1.000002032,0.999998893,0.999999179
14.34676667,1.000002595,1.000003076,0.999988622,1.000001563,1.000001563,0.999999132,0.999999385
14.3801,1.000001839,1.000002213,0.999989039,1.000001036,1.000001036,0.999999427,0.999999638
14.41343333,1.000001023,1.000001277,0.999989659,1.000000474,1.000000474,0.999999772,0.999999931
14.44676667,1.00000018,1.000000307,0.999990468,0.999999901,0.999999901,1.000000156,1.000000258
14.4801,0.999999344,0.999999341,0.999991448,0.999999342,0.999999342,1.00000057,1.000000609
14.51343333,0.999998548,0.999998415,0.99999258,0.999998819,0.999998819,1.000001,1.000000974
14.54676667,0.999997822,0.999997566,0.999993839,0.999998355,0.999998355,1.000001434,1.000001341
14.5801,0.999997195,0.999996824,0.999995201,0.999997968,0.999997968,1.000001857,1.0000017
14.61343333,0.999996689,0.999996219,0.999996637,0.999997674,0.999997674,1.000002254,1.000002037
14.64676667,0.999996326,0.999995773,0.999998119,0.999997484,0.999997484,1.000002612,1.00000234
14.6801,0.999996117,0.999995502,0.999999618,0.999997408,0.999997408,1.000002916,1.000002596
14.71343333,0.999996072,0.999995417,1.000001105,0.999997449,0.999997449,1.000003155,1.000002798
14.74676667,0.999996193,0.99999552,1.000002551,0.999997608,0.999997608,1.000003317,1.000002933
14.7801,0.999996474,0.999995809,1.000003931,0.999997877,0.999997877,1.000003394,1.000002994
14.81343333,0.999996907,0.999996272,1.000005218,0.999998247,0.999998247,1.000003377,1.000002975
14.84676667,0.999997475,0.999996894,1.00000639,0.999998706,0.999998706,1.000003264,1.000002871
14.8801,0.999998159,0.999997651,1.000007427,0.999999237,0.999999237,1.000003051,1.000002681
14.91343333,0.999998933,0.999998517,1.000008312,0.99999982,0.99999982,1.000002742,1.000002407
14.94676667,0.99999977,0.999999461,1.000009033,1.000000434,1.000000434,1.000002339,1.00000205
14.9801,1.000000637,1.000000447,1.000009578,1.000001055,1.000001055,1.00000185,1.000001617
15.01343333,1.000001504,1.000001441,1.000009944,1.00000166,1.00000166,1.000001283,1.000001115
15.04676667,1.000002339,1.000002406,1.000010126,1.000002226,1.000002226,1.000000651,1.000000555
15.0801,1.00000311,1.000003307,1.000010128,1.000002731,1.000002731,0.999999969,0.999999949
15.11343333,1.000003789,1.000004109,1.000009952,1.000003155,1.000003155,0.999999253,0.999999312
15.14676667,1.000004349,1.000004783,1.000009607,1.00000348,1.00000348,0.99999852,0.999998658
15.1801,1.000004767,1.000005303,1.000009103,1.000003691,1.000003691,0.99999779,0.999998006
15.21343333,1.000005027,1.000005647,1.000008455,1.000003779,1.000003779,0.999997082,0.999997371
15.24676667,1.000005117,1.0000058,1.000007678,1.000003736,1.000003736,0.999996415,0.999996771
15.2801,1.000005029,1.000005755,1.00000679,1.000003562,1.000003562,0.999995811,0.999996224
15.31343333,1.000004763,1.000005507,1.00000581,1.000003258,1.000003258,0.999995284,0.999995745
15.34676667,1.000004326,1.000005064,1.000004758,1.000002833,1.000002833,0.999994852,0.999995349
15.3801,1.000003727,1.000004435,1.000003655,1.000002297,1.000002297,0.99999453,0.999995049
15.41343333,1.000002986,1.00000364,1.000002523,1.000001666,1.000001666,0.999994328,0.999994857
15.44676667,1.000002123,1.000002702,1.000001383,1.000000958,1.000000958,0.999994255,0.999994778
15.4801,1.000001166,1.00000165,1.000000254,1.000000196,1.000000196,0.999994316,0.99999482
15.51343333,1.000000145,1.000000517,0.999999156,0.999999404,0.999999404,0.999994513,0.999994985
15.54676667,0.999999093,0.999999339,0.999998107,0.999998608,0.999998608,0.999994845,0.999995271
15.5801,0.999998043,0.999998155,0.999997124,0.999997833,0.999997833,0.999995307,0.999995675
15.61343333,0.999997032,0.999997003,0.999996222,0.999997106,0.999997106,0.99999589,0.99999619
15.64676667,0.999996092,0.999995922,0.999995413,0.999996451,0.999996451,0.999996581,0.999996806
15.6801,0.999995255,0.999994949,0.999994708,0.999995892,0.999995892,0.999997367,0.999997508
15.71343333,0.999994552,0.999994117,0.999994115,0.999995448,0.999995448,0.999998228,0.999998283
15.74676667,0.999994006,0.999993456,0.999993642,0.999995137,0.999995137,0.999999146,0.999999112
15.7801,0.99999364,0.999992989,0.99999329,0.999994971,0.999994971,1.000000097,0.999999975
15.81343333,0.999993467,0.999992734,0.999993063,0.999994959,0.999994959,1.00000106,1.000000852
15.84676667,0.999993498,0.999992707,0.99999296,0.999995104,0.999995104,1.00000201,1.000001722
15.8801,0.999993733,0.999992908,0.999992978,0.999995404,0.999995404,1.000002922,1.000002563
15.91343333,0.999994171,0.999993336,0.999993113,0.999995854,0.999995854,1.000003775,1.000003353
15.94676667,0.9999948,0.999993982,0.999993358,0.999996443,0.999996443,1.000004548,1.000004075
15.9801,0.999995604,0.999994828,0.999993706,0.999997154,0.999997154,1.00000522,1.000004708
16.01343333,0.99999656,0.999995851,0.999994148,0.999997968,0.999997968,1.000005773,1.000005237
16.04676667,0.999997642,0.999997022,0.999994673,0.999998861,0.999998861,1.000006194,1.000005647
16.0801,0.999998816,0.999998306,0.99999527,0.999999807,0.999999807,1.000006472,1.000005929
16.11343333,1.00000005,0.999999666,0.999995926,1.00000078,1.00000078,1.000006599,1.000006075
16.14676667,1.000001304,1.000001059,0.999996631,1.000001747,1.000001747,1.000006573,1.00000608
16.1801,1.00000254,1.000002443,0.999997368,1.000002679,1.000002679,1.000006392,1.000005945
16.21343333,1.00000372,1.000003776,0.999998127,1.000003548,1.000003548,1.000006062,1.000005671
16.24676667,1.000004808,1.000005015,0.999998894,1.000004325,1.000004325,1.00000559,1.000005265
16.2801,1.000005767,1.000006121,0.999999655,1.000004987,1.000004987,1.000004988,1.000004737
16.31343333,1.000006566,1.000007058,1.0000004,1.00000551,1.00000551,1.000004272,1.000004101
16.34676667,1.00000718,1.000007795,1.000001115,1.000005877,1.000005877,1.000003459,1.00000337
16.3801,1.000007587,1.000008307,1.000001789,1.000006075,1.000006075,1.000002569,1.000002565
16.41343333,1.000007771,1.000008575,1.000002414,1.000006094,1.000006094,1.000001625,1.000001704
16.44676667,1.000007724,1.000008588,1.000002979,1.000005932,1.000005932,1.000000651,1.000000809
16.4801,1.000007444,1.000008343,1.000003475,1.000005591,1.000005591,0.999999671,0.999999903
16.51343333,1.000006937,1.000007844,1.000003898,1.000005079,1.000005079,0.999998711,0.999999009
16.54676667,1.000006216,1.000007103,1.000004241,1.000004409,1.000004409,0.999997792,0.999998145
16.5801,1.000005299,1.000006139,1.0000045,1.000003598,1.000003598,0.999996939,0.999997337
16.61343333,1.000004212,1.000004979,1.000004672,1.000002669,1.000002669,0.999996171,0.999996602
16.64676667,1.000002985,1.000003655,1.000004755,1.000001648,1.000001648,0.999995507,0.999995958
16.6801,1.000001653,1.000002207,1.00000475,1.000000566,1.000000566,0.999994962,0.99999542
16.71343333,1.000000256,1.000000675,1.000004659,0.999999451,0.999999451,0.999994548,0.999995
16.74676667,0.999998833,0.999999104,1.000004483,0.999998339,0.999998339,0.999994273,0.999994707
16.7801,0.999997428,0.999997542,1.000004228,0.99999726,0.99999726,0.999994144,0.999994546
16.81343333,0.999996082,0.999996034,1.000003899,0.999996248,0.999996248,0.99999416,0.999994521
16.84676667,0.999994835,0.999994627,1.000003504,0.999995333,0.999995333,0.999994319,0.999994629
16.8801,0.999993726,0.999993362,1.00000305,0.999994542,0.999994542,0.999994615,0.999994866
16.91343333,0.999992788,0.999992279,1.000002547,0.999993899,0.999993899,0.999995037,0.999995224
16.94676667,0.99999205,0.999991411,1.000002005,0.999993426,0.999993426,0.999995573,0.999995691
16.9801,0.999991537,0.999990786,1.000001434,0.999993137,0.999993137,0.999996206,0.999996253
17.01343333,0.999991264,0.999990423,1.000000846,0.999993042,0.999993042,0.999996918,0.999996895
17.04676667,0.999991243,0.999990336,1.000000253,0.999993146,0.999993146,0.999997689,0.999997599
17.0801,0.999991474,0.999990529,0.999999665,0.999993447,0.999993447,0.999998497,0.999998344
17.11343333,0.999991954,0.999990998,0.999999095,0.999993938,0.999993938,0.99999932,0.99999911
17.14676667,0.999992669,0.999991732,0.999998556,0.999994608,0.999994608,1.000000136,0.999999879
17.1801,0.999993601,0.99999271,0.999998056,0.999995435,0.999995435,1.000000925,1.000000628
17.21343333,0.999994724,0.999993905,0.999997606,0.999996397,0.999996397,1.000001666,1.00000134
17.24676667,0.999996006,0.999995284,0.999997215,0.999997469,0.999997469,1.00000234,1.000001996
17.2801,0.99999741,0.999996806,0.999996892,0.99999862,0.99999862,1.000002931,1.000002581
17.31343333,0.999998896,0.99999843,0.999996644,0.999999816,0.999999816,1.000003426,1.00000308
17.34676667,1.000000422,1.000000106,0.999996475,1.000001023,1.000001023,1.000003813,1.000003484
17.3801,1.000001943,1.000001788,0.99999639,1.000002208,1.000002208,1.000004087,1.000003783
17.41343333,1.000003415,1.000003426,0.99999639,1.000003336,1.000003336,1.000004242,1.000003974
17.44676667,1.000004796,1.000004972,0.999996476,1.000004374,1.000004374,1.000004277,1.000004052
17.4801,1.000006046,1.000006382,0.999996644,1.000005292,1.000005292,1.000004195,1.00000402
17.51343333,1.000007127,1.000007613,0.999996893,1.000006064,1.000006064,1.000004001,1.00000388
17.54676667,1.000008008,1.000008631,0.999997215,1.000006668,1.000006668,1.000003705,1.000003641
17.5801,1.000008664,1.000009405,0.999997605,1.000007086,1.000007086,1.000003316,1.00000331
17.61343333,1.000009076,1.000009912,0.999998053,1.000007305,1.000007305,1.000002849,1.0000029
17.64676667,1.00000923,1.000010137,0.999998549,1.00000732,1.00000732,1.000002318,1.000002424
17.6801,1.000009123,1.000010075,0.999999081,1.00000713,1.00000713,1.000001741,1.000001898
17.71343333,1.000008757,1.000009726,0.999999639,1.000006739,1.000006739,1.000001136,1.000001337
17.74676667,1.000008144,1.0000091,1.000000207,1.00000616,1.00000616,1.000000521,1.000000759
17.7801,1.0000073,1.000008216,1.000000773,1.000005408,1.000005408,0.999999912,1.000000178
17.81343333,1.000006251,1.0000071,1.000001323,1.000004506,1.000004506,0.999999328,0.999999613
17.84676667,1.000005026,1.000005783,1.000001845,1.00000348,1.00000348,0.999998784,0.999999079
17.8801,1.000003661,1.000004305,1.000002325,1.000002359,1.000002359,0.999998294,0.99999859
17.91343333,1.000002196,1.000002707,1.00000275,1.000001175,1.000001175,0.999997872,0.999998158
17.94676667,1.000000673,1.000001037,1.000003111,0.999999961,0.999999961,0.999997527,0.999997794
17.9801,0.999999135,0.999999343,1.000003397,0.999998753,0.999998753,0.999997267,0.999997506
18.01343333,0.999997628,0.999997672,1.0000036,0.999997585,0.999997585,0.999997097,0.9999973
18.04676667,0.999996193,0.999996074,1.000003716,0.99999649,0.99999649,0.999997019,0.999997181
18.0801,0.999994872,0.999994594,1.000003738,0.999995498,0.999995498,0.999997032,0.999997148
18.11343333,0.999993702,0.999993274,1.000003667,0.999994638,0.999994638,0.999997134,0.9999972
18.14676667,0.999992716,0.999992152,1.000003503,0.999993932,0.999993932,0.99999732,0.999997334
18.1801,0.999991942,0.999991258,1.000003249,0.999993401,0.999993401,0.999997581,0.999997543
18.21343333,0.9999914,0.999990617,1.000002909,0.999993058,0.999993058,0.999997908,0.999997819
18.24676667,0.999991105,0.999990247,1.000002491,0.999992913,0.999992913,0.999998288,0.999998152
18.2801,0.999991064,0.999990156,1.000002004,0.999992967,0.999992967,0.999998709,0.999998531
18.31343333,0.999991276,0.999990345,1.000001458,0.999993218,0.999993218,0.999999158,0.999998943
18.34676667,0.999991734,0.999990807,1.000000867,0.999993658,0.999993658,0.999999619,0.999999375
18.3801,0.999992423,0.999991527,1.000000246,0.999994273,0.999994273,1.000000079,0.999999813
18.41343333,0.999993321,0.999992482,0.999999606,0.999995044,0.999995044,1.000000525,1.000000246
18.44676667,0.999994401,0.999993644,0.999998965,0.999995946,0.999995946,1.000000944,1.000000661
18.4801,0.99999563,0.999994976,0.999998338,0.999996954,0.999996954,1.000001323,1.000001044
18.51343333,0.999996972,0.99999644,0.999997741,0.999998038,0.999998038,1.000001653,1.000001387
18.54676667,0.999998388,0.999997991,0.999997188,0.999999166,0.999999166,1.000001924,1.00000168
18.5801,0.999999835,0.999999585,0.999996695,1.000000306,1.000000306,1.000002131,1.000001916
18.61343333,1.000001272,1.000001175,0.999996272,1.000001424,1.000001424,1.000002268,1.000002088
18.64676667,1.000002658,1.000002714,0.999995932,1.000002489,1.000002489,1.000002335,1.000002195
18.6801,1.000003953,1.00000416,0.999995685,1.000003471,1.000003471,1.000002329,1.000002234
18.71343333,1.000005121,1.000005471,0.999995537,1.000004344,1.000004344,1.000002254,1.000002206
18.74676667,1.000006129,1.000006611,0.999995493,1.000005082,1.000005082,1.000002113,1.000002113
18.7801,1.000006951,1.000007548,0.999995556,1.000005667,1.000005667,1.000001913,1.00000196
18.81343333,1.000007563,1.000008258,0.999995725,1.000006083,1.000006083,1.00000166,1.000001753
18.84676667,1.000007951,1.000008722,0.999995997,1.000006321,1.000006321,1.000001364,1.000001499
18.8801,1.000008106,1.00000893,0.999996368,1.000006375,1.000006375,1.000001034,1.000001206
18.91343333,1.000008026,1.000008878,0.99999683,1.000006246,1.000006246,1.000000681,1.000000884
18.94676667,1.000007717,1.000008571,0.999997373,1.000005941,1.000005941,1.000000317,1.000000546
18.9801,1.00000719,1.000008021,0.999997983,1.000005471,1.000005471,0.999999952,1.000000199
19.01343333,1.000006463,1.000007247,0.99999865,1.00000485,1.00000485,0.999999596,0.999999853
19.04676667,1.00000556,1.000006274,0.999999357,1.0000041,1.0000041,0.99999926,0.99999952
19.0801,1.00000451,1.000005134,1.000000087,1.000003243,1.000003243,0.999998955,0.999999208
19.11343333,1.000003344,1.000003861,1.000000824,1.000002306,1.000002306,0.999998687,0.999998927
19.14676667,1.000002098,1.000002494,1.000001551,1.000001317,1.000001317,0.999998464,0.999998684
19.1801,1.00000081,1.000001074,1.00000225,1.000000306,1.000000306,0.999998291,0.999998485
19.21343333,0.999999518,0.999999645,1.000002906,0.999999303,0.999999303,0.999998173,0.999998334
19.24676667,0.999998259,0.999998247,1.000003501,0.999998337,0.999998337,0.99999811,0.999998234
19.2801,0.999997071,0.999996922,1.000004023,0.999997434,0.999997434,0.999998103,0.999998188
19.31343333,0.999995986,0.999995706,1.000004459,0.99999662,0.99999662,0.999998151,0.999998194
19.34676667,0.999995036,0.999994635,1.000004797,0.999995919,0.999995919,0.999998251,0.999998252
19.3801,0.999994246,0.999993737,1.000005032,0.999995348,0.999995348,0.999998398,0.999998358
19.41343333,0.999993637,0.999993038,1.000005155,0.999994923,0.999994923,0.999998587,0.999998508
19.44676667,0.999993225,0.999992553,1.000005165,0.999994654,0.999994654,0.999998811,0.999998695
19.4801,0.999993018,0.999992296,1.00000506,0.999994546,0.999994546,0.999999062,0.999998914
19.51343333,0.99999302,0.999992269,1.000004844,0.999994601,0.999994601,0.999999332,0.999999157
19.54676667,0.999993228,0.999992471,1.000004521,0.999994814,0.999994814,0.999999611,0.999999415
19.5801,0.999993633,0.999992892,1.000004098,0.999995176,0.999995176,0.999999891,0.999999681
19.61343333,0.999994219,0.999993517,1.000003585,0.999995674,0.999995674,1.000000164,0.999999948
19.64676667,0.999994967,0.999994323,1.000002993,0.999996293,0.999996293,1.000000424,1.000000206
19.6801,0.999995852,0.999995286,1.000002336,0.999997011,0.999997011,1.00000066,1.000000448
19.71343333,0.999996846,0.999996373,1.00000163,0.999997806,0.999997806,1.000000867,1.000000668
19.74676667,0.999997918,0.999997551,1.000000891,0.999998652,0.999998652,1.000001039,1.00000086
19.7801,0.999999035,0.999998783,1.000000135,0.999999525,0.999999525,1.000001173,1.000001018
19.81343333,1.000000163,1.000000032,0.99999938,1.000000397,1.000000397,1.000001266,1.00000114
19.84676667,1.000001268,1.000001261,0.999998643,1.000001243,1.000001243,1.000001316,1.000001223
19.8801,1.000002319,1.000002433,0.99999794,1.000002039,1.000002039,1.000001324,1.000001265
19.91343333,1.000003283,1.000003514,0.999997288,1.000002761,1.000002761,1.000001289,1.000001267
19.94676667,1.000004135,1.000004474,0.999996701,1.000003389,1.000003389,1.000001216,1.00000123
19.9801,1.00000485,1.000005286,0.999996192,1.000003906,1.000003906,1.000001107,1.000001157
20,1.000005204,1.000005691,0.999995929,1.000004156,1.000004156,1.000001026,1.000001097